context	label	xmax2	xmin2	word_intervals	word	xmax	xmin	ID	number
CVC	v799	3.984774543706988	3.9076552577039383	1	06-08-19-F1-khavang.WAV	18.6986666666667	-0	1	F1-799
CVC	v800	5.472072631829746	5.408048712043537	1	06-08-19-F1-khavang.WAV	18.6986666666667	-0	2	F1-800
CVC	v801	6.9178548149330465	6.8468830984493305	1	06-08-19-F1-khavang.WAV	18.6986666666667	-0	3	F1-801
CVC	v802	8.507899283732327	8.442224458801581	1	06-08-19-F1-khavang.WAV	18.6986666666667	-0	4	F1-802
CVː_#	v803	22.37224558854209	22.128038652311133	2	06-08-19-F1-thaa.WAV	31.4893333333333	18.6986666666667	5	F1-803
CVː_#	v804	24.53067256491349	24.23072462440511	2	06-08-19-F1-thaa.WAV	31.4893333333333	18.6986666666667	6	F1-804
CVː_#	v805	26.357925266887158	26.14584665518811	2	06-08-19-F1-thaa.WAV	31.4893333333333	18.6986666666667	7	F1-805
CVː_#	v806	28.985147907559504	28.773672160121905	2	06-08-19-F1-thaa.WAV	31.4893333333333	18.6986666666667	8	F1-806
CVːC	v807	40.5549280808793	40.40317142228901	3	06-08-19-F1-thaake.WAV	50.636	31.4893333333333	9	F1-807
CVːC	v808	42.789815158069594	42.61254493728033	3	06-08-19-F1-thaake.WAV	50.636	31.4893333333333	10	F1-808
CVːC	v809	47.30735576865094	47.16410469655072	3	06-08-19-F1-thaake.WAV	50.636	31.4893333333333	11	F1-809
CVC	v810	56.077061960058415	55.99482518635333	4	06-08-19-F1-thetivaake.WAV	64.592	50.636	12	F1-810
Cṽ_#	v580	69.15008518638626	68.97637863671156	5	06-08-19-F1-chî.WAV	75.888	64.592	13	F1-580
Cṽ_#	v581	71.13524083734264	70.9389377856129	5	06-08-19-F1-chî.WAV	75.888	64.592	14	F1-581
Cṽ_#	v582	73.19125517425424	72.9981436371981	5	06-08-19-F1-chî.WAV	75.888	64.592	15	F1-582
Cṽ_#	v583	74.63743843680322	74.46691181663817	5	06-08-19-F1-chî.WAV	75.888	64.592	16	F1-583
CṽC	v584	81.10767322989628	80.73076854387784	6	06-08-19-F1-chôôt.WAV	86.9066666666667	75.888	17	F1-584
CṽC	v585	82.74980677922585	82.40665939463298	6	06-08-19-F1-chôôt.WAV	86.9066666666667	75.888	18	F1-585
CṽC	v586	84.55504903645922	84.20842053575987	6	06-08-19-F1-chôôt.WAV	86.9066666666667	75.888	19	F1-586
CṽC	v587	85.81021161872356	85.62139455814025	6	06-08-19-F1-chôôt.WAV	86.9066666666667	75.888	20	F1-587
CṽC	v588	90.44822835501984	90.28523887014939	7	06-08-19-F1-khâ ko xhitea.WAV	100.8253333333333	86.9066666666667	21	F1-588
CṽC	v589	92.91210668106368	92.7395837380613	7	06-08-19-F1-khâ ko xhitea.WAV	100.8253333333333	86.9066666666667	22	F1-589
CṽC	v590	95.07517763286006	94.942834238373507	7	06-08-19-F1-khâ ko xhitea.WAV	100.8253333333333	86.9066666666667	23	F1-590
CṽC	v591	98.21700755802685	98.11009412955914	7	06-08-19-F1-khâ ko xhitea.WAV	100.8253333333333	86.9066666666667	24	F1-591
Cṽ_#	v592	106.34939936608338	105.98102914101587	8	06-08-19-F1-khâ.WAV	114.84	100.8253333333333	25	F1-592
Cṽ_#	v593	108.07052846856719	107.71942566923516	8	06-08-19-F1-khâ.WAV	114.84	100.8253333333333	26	F1-593
Cṽ_#	v594	109.99881360131175	109.639731192904	8	06-08-19-F1-khâ.WAV	114.84	100.8253333333333	27	F1-594
Cṽ_#	v595	112.4104919614947	112.17751592303867	8	06-08-19-F1-khâ.WAV	114.84	100.8253333333333	28	F1-595
CṽːnC	v596	118.9802589066792	118.77440008701797	9	06-08-19-F1-khââdo.WAV	126.9746666666667	114.84	29	F1-596
CṽːnC	v597	121.2397451692415	121.06072117140235	9	06-08-19-F1-khââdo.WAV	126.9746666666667	114.84	30	F1-597
CṽːnC	v598	123.28939276791434	123.06599439744934	9	06-08-19-F1-khââdo.WAV	126.9746666666667	114.84	31	F1-598
CṽːnC	v599	125.06781759572596	124.90375208203179	9	06-08-19-F1-khââdo.WAV	126.9746666666667	114.84	32	F1-599
CṽːN	v600	132.08400008613506	131.8767495201697	10	06-08-19-F1-khâânyoon.WAV	141.16666666666669	126.9746666666667	33	F1-600
CṽːN	v601	134.3744283088776	134.18427966603093	10	06-08-19-F1-khâânyoon.WAV	141.16666666666669	126.9746666666667	34	F1-601
CṽːN	v602	136.6206628750914	136.41564078974875	10	06-08-19-F1-khâânyoon.WAV	141.16666666666669	126.9746666666667	35	F1-602
CṽːN	v603	139.0937972997039	138.9120977287747	10	06-08-19-F1-khâânyoon.WAV	141.16666666666669	126.9746666666667	36	F1-603
CṽC	v604	146.1834445956204	146.005644966098	11	06-08-19-F1-khêkhê.WAV	153.1786666666667	141.16666666666669	37	F1-604
Cṽ_#	v605	146.55581740462011	146.34782538517885	11	06-08-19-F1-khêkhê.WAV	153.1786666666667	141.16666666666669	38	F1-605
CṽC	v606	147.94585643886523	147.7554864814889	11	06-08-19-F1-khêkhê.WAV	153.1786666666667	141.16666666666669	39	F1-606
Cṽ_#	v607	148.29352739388588	148.12282006121507	11	06-08-19-F1-khêkhê.WAV	153.1786666666667	141.16666666666669	40	F1-607
CṽC	v608	149.5736857200742	149.40808214848164	11	06-08-19-F1-khêkhê.WAV	153.1786666666667	141.16666666666669	41	F1-608
Cṽ_#	v609	149.94468073435633	149.7737004234263	11	06-08-19-F1-khêkhê.WAV	153.1786666666667	141.16666666666669	42	F1-609
CṽC	v610	151.34508385938696	151.19614488112728	11	06-08-19-F1-khêkhê.WAV	153.1786666666667	141.16666666666669	43	F1-610
Cṽ_#	v611	151.5977145313717	151.47705510594616	11	06-08-19-F1-khêkhê.WAV	153.1786666666667	141.16666666666669	44	F1-611
CṽC	v612	157.23800893296936	157.11605271536615	12	06-08-19-F1-khêt.WAV	163.49866666666668	153.1786666666667	45	F1-612
CṽC	v613	158.82767787138658	158.6870348649079	12	06-08-19-F1-khêt.WAV	163.49866666666668	153.1786666666667	46	F1-613
CṽC	v614	160.51557940810898	160.36991456627064	12	06-08-19-F1-khêt.WAV	163.49866666666668	153.1786666666667	47	F1-614
CṽC	v615	162.2781560663107	162.1820976051364	12	06-08-19-F1-khêt.WAV	163.49866666666668	153.1786666666667	48	F1-615
Cṽː_#	v616	168.2043873578532	167.8609537522213	13	06-08-19-F1-khîî.WAV	174.05599999999998	163.49866666666668	49	F1-616
Cṽː_#	v617	169.7924407021596	169.44194835399264	13	06-08-19-F1-khîî.WAV	174.05599999999998	163.49866666666668	50	F1-617
Cṽː_#	v618	171.34110270012206	171.01553378748582	13	06-08-19-F1-khîî.WAV	174.05599999999998	163.49866666666668	51	F1-618
Cṽː_#	v619	172.87221174158233	172.70144213373726	13	06-08-19-F1-khîî.WAV	174.05599999999998	163.49866666666668	52	F1-619
CṽːnC	v620	178.99474410793013	178.75201893998926	14	06-08-19-F1-khôôba.WAV	185.805333333333	174.05599999999998	53	F1-620
CṽːnC	v621	180.96219535413186	180.74922384259628	14	06-08-19-F1-khôôba.WAV	185.805333333333	174.05599999999998	54	F1-621
CṽːnC	v622	182.82630887854936	182.6090595426416	14	06-08-19-F1-khôôba.WAV	185.805333333333	174.05599999999998	55	F1-622
CṽːnC	v623	184.5367554466905	184.33511189129956	14	06-08-19-F1-khôôba.WAV	185.805333333333	174.05599999999998	56	F1-623
CṽC	v624	190.8674135095411	190.54795259381905	15	06-08-19-F1-khôôt.WAV	196.48666666666702	185.805333333333	57	F1-624
CṽC	v625	192.4616340017035	192.15345603377722	15	06-08-19-F1-khôôt.WAV	196.48666666666702	185.805333333333	58	F1-625
CṽC	v626	194.07382067744783	193.76850052384117	15	06-08-19-F1-khôôt.WAV	196.48666666666702	185.805333333333	59	F1-626
CṽC	v627	195.25379622122966	195.08963036928418	15	06-08-19-F1-khôôt.WAV	196.48666666666702	185.805333333333	60	F1-627
CṽC	v628	200.2173248359349	200.04300909604535	16	06-08-19-F1-khôôva.WAV	206.62133333333298	196.48666666666702	61	F1-628
CṽC	v629	201.86499529240223	201.6601715998417	16	06-08-19-F1-khôôva.WAV	206.62133333333298	196.48666666666702	62	F1-629
CṽC	v630	203.50043218871792	203.32870464742103	16	06-08-19-F1-khôôva.WAV	206.62133333333298	196.48666666666702	63	F1-630
CṽC	v631	205.2508438494546	205.12947692818085	16	06-08-19-F1-khôôva.WAV	206.62133333333298	196.48666666666702	64	F1-631
Cṽ_#	v632	211.27176059969844	210.92490631862808	17	06-08-19-F1-khû.WAV	217.82266666666698	206.62133333333298	65	F1-632
Cṽ_#	v633	212.95782674817679	212.6185746703407	17	06-08-19-F1-khû.WAV	217.82266666666698	206.62133333333298	66	F1-633
Cṽ_#	v634	214.73042164841053	214.4368028464815	17	06-08-19-F1-khû.WAV	217.82266666666698	206.62133333333298	67	F1-634
Cṽ_#	v635	216.29671482526885	216.1236267341876	17	06-08-19-F1-khû.WAV	217.82266666666698	206.62133333333298	68	F1-635
CṽnC	v636	222.567362822434	222.44530757202932	18	06-08-19-F1-khûbin.WAV	229.229333333333	217.82266666666698	69	F1-636
CṽnC	v637	224.4670805776003	224.3513776166243	18	06-08-19-F1-khûbin.WAV	229.229333333333	217.82266666666698	70	F1-637
CṽnC	v638	226.26818770482606	226.1549137542653	18	06-08-19-F1-khûbin.WAV	229.229333333333	217.82266666666698	71	F1-638
CṽnC	v639	227.852604811631	227.77437439332033	18	06-08-19-F1-khûbin.WAV	229.229333333333	217.82266666666698	72	F1-639
CṽnC	v640	236.68336965252928	236.5753145317314	19	06-08-19-F1-khûda.WAV	243.52133333333302	229.229333333333	73	F1-640
CṽnC	v641	238.59937232201355	238.41081413762026	19	06-08-19-F1-khûda.WAV	243.52133333333302	229.229333333333	74	F1-641
CṽnC	v642	240.4595745958312	240.3404880232634	19	06-08-19-F1-khûda.WAV	243.52133333333302	229.229333333333	75	F1-642
CṽnC	v643	242.151263047915	242.0097618739024	19	06-08-19-F1-khûda.WAV	243.52133333333302	229.229333333333	76	F1-643
CṽC	v644	247.69441897516526	247.52771223654344	20	06-08-19-F1-khûkhû.WAV	254.56266666666698	243.52133333333302	77	F1-644
Cṽ_#	v645	248.07432888971158	247.8815387838224	20	06-08-19-F1-khûkhû.WAV	254.56266666666698	243.52133333333302	78	F1-645
CṽC	v646	249.51229266536905	249.33442343636176	20	06-08-19-F1-khûkhû.WAV	254.56266666666698	243.52133333333302	79	F1-646
Cṽ_#	v647	249.900924747926	249.70234471828093	20	06-08-19-F1-khûkhû.WAV	254.56266666666698	243.52133333333302	80	F1-647
CṽC	v648	251.42299131107512	251.25318751452784	20	06-08-19-F1-khûkhû.WAV	254.56266666666698	243.52133333333302	81	F1-648
Cṽ_#	v649	251.85764631230006	251.61842586936547	20	06-08-19-F1-khûkhû.WAV	254.56266666666698	243.52133333333302	82	F1-649
CṽC	v650	253.25689601939365	253.15649784997328	20	06-08-19-F1-khûkhû.WAV	254.56266666666698	243.52133333333302	83	F1-650
Cṽ_#	v651	253.54155435857393	253.40335923125406	20	06-08-19-F1-khûkhû.WAV	254.56266666666698	243.52133333333302	84	F1-651
CṽN	v652	260.31731081949664	260.1767845975355	21	06-08-19-F1-phân vaa.WAV	268.309333333333	254.56266666666698	85	F1-652
CṽN	v653	262.6017111705923	262.49025860426633	21	06-08-19-F1-phân vaa.WAV	268.309333333333	254.56266666666698	86	F1-653
CṽN	v654	264.47016075081353	264.36755987164275	21	06-08-19-F1-phân vaa.WAV	268.309333333333	254.56266666666698	87	F1-654
CṽN	v655	266.2737472531043	266.1907322356724	21	06-08-19-F1-phân vaa.WAV	268.309333333333	254.56266666666698	88	F1-655
CVC	v656	271.231776963696	271.1841488950663	22	06-08-19-F1-phitheeke.WAV	277.862666666667	268.309333333333	89	F1-656
CVC	v657	272.9506679008519	272.91239629239226	22	06-08-19-F1-phitheeke.WAV	277.862666666667	268.309333333333	90	F1-657
CVC	v658	274.61540561926296	274.5736174334072	22	06-08-19-F1-phitheeke.WAV	277.862666666667	268.309333333333	91	F1-658
CVC	v659	276.26528366945024	276.2167244969881	22	06-08-19-F1-phitheeke.WAV	277.862666666667	268.309333333333	92	F1-659
CVN	v660	282.3985382076182	282.2353606019707	23	06-08-19-F1-phom.WAV	296.058666666667	277.862666666667	93	F1-660
CVN	v661	284.1549693503712	283.98754110447646	23	06-08-19-F1-phom.WAV	296.058666666667	277.862666666667	94	F1-661
CVN	v662	286.0692349198271	285.90167693630906	23	06-08-19-F1-phom.WAV	296.058666666667	277.862666666667	95	F1-662
CVN	v663	287.47069026552634	287.3496642181709	23	06-08-19-F1-phom.WAV	296.058666666667	277.862666666667	96	F1-663
CṽːnC	v664	300.45404106852106	300.3468072909144	24	06-08-19-F1-phwêêdi.WAV	306.428	296.058666666667	97	F1-664
CṽːnC	v665	301.9421031561807	301.81124753337133	24	06-08-19-F1-phwêêdi.WAV	306.428	296.058666666667	98	F1-665
CṽːnC	v666	303.57384620923654	303.3957110282473	24	06-08-19-F1-phwêêdi.WAV	306.428	296.058666666667	99	F1-666
CṽːnC	v667	305.0325174354329	304.9196581856046	24	06-08-19-F1-phwêêdi.WAV	306.428	296.058666666667	100	F1-667
CṽːnC	v668	313.9956616933425	313.80862347595786	25	06-08-19-F1-thaangan.WAV	322.308	306.428	101	F1-668
CṽːnC	v669	316.34622829785985	316.27141327390984	25	06-08-19-F1-thaangan.WAV	322.308	306.428	102	F1-669
CṽːnC	v670	318.23645724259706	318.0604718209691	25	06-08-19-F1-thaangan.WAV	322.308	306.428	103	F1-670
CṽːnC	v671	320.38584743382705	320.2721117699682	25	06-08-19-F1-thaangan.WAV	322.308	306.428	104	F1-671
CVN	v672	326.3364246459243	326.19629353960573	26	06-08-19-F1-thamo.WAV	334.64799999999997	322.308	105	F1-672
CVN	v673	328.40323703602644	328.291868881258	26	06-08-19-F1-thamo.WAV	334.64799999999997	322.308	106	F1-673
CVN	v674	330.39657749063775	330.29266437481505	26	06-08-19-F1-thamo.WAV	334.64799999999997	322.308	107	F1-674
CVN	v675	332.35006558149547	332.27910484621407	26	06-08-19-F1-thamo.WAV	334.64799999999997	322.308	108	F1-675
CVN	v676	338.3421762196933	338.2475134037039	27	06-08-19-F1-thana.WAV	346.086666666667	334.64799999999997	109	F1-676
CVN	v677	340.5391480452698	340.4235602233681	27	06-08-19-F1-thana.WAV	346.086666666667	334.64799999999997	110	F1-677
CVN	v678	342.57729086101097	342.47805610719837	27	06-08-19-F1-thana.WAV	346.086666666667	334.64799999999997	111	F1-678
CVN	v679	344.25989323948704	344.18211049454277	27	06-08-19-F1-thana.WAV	346.086666666667	334.64799999999997	112	F1-679
CVN	v680	351.48452538434714	351.3867216190377	28	06-08-19-F1-thanyuuke.WAV	359.674666666667	346.086666666667	113	F1-680
CVN	v681	353.5178770029185	353.4522082501292	28	06-08-19-F1-thanyuuke.WAV	359.674666666667	346.086666666667	114	F1-681
CVN	v682	355.436635118227	355.3783581863483	28	06-08-19-F1-thanyuuke.WAV	359.674666666667	346.086666666667	115	F1-682
CVN	v683	357.5753105615648	357.50740723194474	28	06-08-19-F1-thanyuuke.WAV	359.674666666667	346.086666666667	116	F1-683
CṽC	v684	364.21958116911935	364.0683591891781	29	06-08-19-F1-thê wan.WAV	370.826666666667	359.674666666667	117	F1-684
CṽC	v685	365.81860370779424	365.7140117886209	29	06-08-19-F1-thê wan.WAV	370.826666666667	359.674666666667	118	F1-685
CṽC	v686	367.6063665574621	367.49925879876315	29	06-08-19-F1-thê wan.WAV	370.826666666667	359.674666666667	119	F1-686
CṽC	v687	369.42544250269276	369.3556395553531	29	06-08-19-F1-thê wan.WAV	370.826666666667	359.674666666667	120	F1-687
CV_#	v688	375.18880336827135	375.03416757255957	30	06-08-19-F1-the.WAV	383.170666666667	370.826666666667	121	F1-688
CV_#	v689	377.4124299345126	377.23840769201036	30	06-08-19-F1-the.WAV	383.170666666667	370.826666666667	122	F1-689
CV_#	v690	379.63386581337016	379.4903121084383	30	06-08-19-F1-the.WAV	383.170666666667	370.826666666667	123	F1-690
CV_#	v691	381.3016787712559	381.21846830737513	30	06-08-19-F1-the.WAV	383.170666666667	370.826666666667	124	F1-691
Cṽ_#	v692	386.6326539230499	386.45202156456776	31	06-08-19-F1-thê.WAV	393.634666666667	383.170666666667	125	F1-692
Cṽ_#	v693	388.56853202457256	388.3565902949614	31	06-08-19-F1-thê.WAV	393.634666666667	383.170666666667	126	F1-693
Cṽ_#	v694	390.356156198222	390.1855306225138	31	06-08-19-F1-thê.WAV	393.634666666667	383.170666666667	127	F1-694
Cṽ_#	v695	391.8307702364544	391.69445893953866	31	06-08-19-F1-thê.WAV	393.634666666667	383.170666666667	128	F1-695
CvːN	v696	397.30134774538715	397.20070062925	32	06-08-19-F1-thee nyiman.WAV	405.170666666667	393.634666666667	129	F1-696
CvːN	v697	399.4140587919098	399.27371662616304	32	06-08-19-F1-thee nyiman.WAV	405.170666666667	393.634666666667	130	F1-697
CvːN	v698	401.37001432752186	401.2464802878674	32	06-08-19-F1-thee nyiman.WAV	405.170666666667	393.634666666667	131	F1-698
CvːN	v699	403.43829425706934	403.30606166219155	32	06-08-19-F1-thee nyiman.WAV	405.170666666667	393.634666666667	132	F1-699
CV_#	v783	410.1888009873082	409.8966968151092	33	06-08-19-F1-thee.WAV	417.97999999999996	405.170666666667	133	F1-783
CV_#	v784	412.1228564913641	411.8503544743256	33	06-08-19-F1-thee.WAV	417.97999999999996	405.170666666667	134	F1-784
CV_#	v785	413.97101700660846	413.722176269932	33	06-08-19-F1-thee.WAV	417.97999999999996	405.170666666667	135	F1-785
CV_#	v786	416.02187709192805	415.9160217403619	33	06-08-19-F1-thee.WAV	417.97999999999996	405.170666666667	136	F1-786
CV_#	v787	422.5110982939746	422.37340488560346	34	06-08-19-F1-theeke.WAV	429.592	417.97999999999996	137	F1-787
CV_#	v788	424.2859078981987	424.13613135272095	34	06-08-19-F1-theeke.WAV	429.592	417.97999999999996	138	F1-788
CV_#	v789	426.33748632712565	426.1922157409499	34	06-08-19-F1-theeke.WAV	429.592	417.97999999999996	139	F1-789
CV_#	v790	428.0949937587254	427.9933894805326	34	06-08-19-F1-theeke.WAV	429.592	417.97999999999996	140	F1-790
CṽːN	v791	433.70205438438154	433.4401401493624	35	06-08-19-F1-thêên.WAV	440.144	429.592	141	F1-791
CṽːN	v792	435.5323368097538	435.3899001152922	35	06-08-19-F1-thêên.WAV	440.144	429.592	142	F1-792
CṽːN	793	437.0227810684921	436.8817088175368	35	06-08-19-F1-thêên.WAV	440.144	429.592	143	793
CṽːN	v794	438.6800155216867	438.5494690160434	35	06-08-19-F1-thêên.WAV	440.144	429.592	144	F1-794
CṽːN	v795	443.67057040400044	443.480573961739	36	06-08-19-F1-thêên2.WAV	450.042666666667	440.144	145	F1-795
CṽːN	v796	445.4159601571185	445.15064282947765	36	06-08-19-F1-thêên2.WAV	450.042666666667	440.144	146	F1-796
CṽːN	v797	447.1828498794242	447.0024284895708	36	06-08-19-F1-thêên2.WAV	450.042666666667	440.144	147	F1-797
CṽːN	v798	448.7645518829235	448.61819849333574	36	06-08-19-F1-thêên2.WAV	450.042666666667	440.144	148	F1-798
CVN	v700	453.6597918870835	453.5683058282502	37	06-08-19-F1-themwadike.WAV	461.056	450.042666666667	149	F1-700
CVN	v701	455.4280079359525	455.36304290338154	37	06-08-19-F1-themwadike.WAV	461.056	450.042666666667	150	F1-701
CVN	v702	457.4768784688547	457.4047265769569	37	06-08-19-F1-themwadike.WAV	461.056	450.042666666667	151	F1-702
CVN	v703	459.59086265965834	459.51344529149435	37	06-08-19-F1-themwadike.WAV	461.056	450.042666666667	152	F1-703
CVN	v704	465.9786148977495	465.91510562342205	38	06-08-19-F1-theneke.WAV	487.561333333333	461.056	153	F1-704
CVN	v705	468.14209057237946	468.07422334203386	38	06-08-19-F1-theneke.WAV	487.561333333333	461.056	154	F1-705
CVN	v706	470.1534824671003	470.0716459302861	38	06-08-19-F1-theneke.WAV	487.561333333333	461.056	155	F1-706
CVN	v707	472.0005118202369	471.9720138710347	38	06-08-19-F1-theneke.WAV	487.561333333333	461.056	156	F1-707
CV_#	v708	491.80925116058575	491.6177779069097	39	06-08-19-F1-thi.WAV	498.304	487.561333333333	157	F1-708
CV_#	v709	493.6662207511298	493.5017204647399	39	06-08-19-F1-thi.WAV	498.304	487.561333333333	158	F1-709
CV_#	v710	495.4571385222872	495.29400646344186	39	06-08-19-F1-thi.WAV	498.304	487.561333333333	159	F1-710
CV_#	v711	496.9197930661482	496.792538572156	39	06-08-19-F1-thi.WAV	498.304	487.561333333333	160	F1-711
CvnC	v712	505.32148348103163	505.2317095879314	40	06-08-19-F1-thiba.WAV	512.325333333333	498.304	161	F1-712
CvnC	v713	507.14252624876156	507.0545922588123	40	06-08-19-F1-thiba.WAV	512.325333333333	498.304	162	F1-713
CvnC	v714	508.9997778408775	508.899299476162	40	06-08-19-F1-thiba.WAV	512.325333333333	498.304	163	F1-714
CvnC	v715	510.70662606846133	510.60753662577105	40	06-08-19-F1-thiba.WAV	512.325333333333	498.304	164	F1-715
CvnC	v716	520.0779017719652	520.0097722516027	41	06-08-19-F1-thibeen.WAV	527.385333333333	512.325333333333	165	F1-716
CvnC	v717	522.2547471112683	522.2060657841234	41	06-08-19-F1-thibeen.WAV	527.385333333333	512.325333333333	166	F1-717
CvnC	v718	524.305511392905	524.2320170513782	41	06-08-19-F1-thibeen.WAV	527.385333333333	512.325333333333	167	F1-718
CvnC	v719	526.0531198456251	526.0143030666302	41	06-08-19-F1-thibeen.WAV	527.385333333333	512.325333333333	168	F1-719
CvnC	v720	532.9425021201355	532.8499903301382	42	06-08-19-F1-thibo.WAV	540.561333333333	527.385333333333	169	F1-720
CvnC	v721	535.2760107661176	535.1335831275525	42	06-08-19-F1-thibo.WAV	540.561333333333	527.385333333333	170	F1-721
CvnC	v722	537.2910736604538	537.190674689718	42	06-08-19-F1-thibo.WAV	540.561333333333	527.385333333333	171	F1-722
CvnC	v723	539.0381121890798	538.9638959373268	42	06-08-19-F1-thibo.WAV	540.561333333333	527.385333333333	172	F1-723
CVC	v724	546.5661430991299	546.4855750835238	43	06-08-19-F1-thidââng.WAV	553.894666666667	540.561333333333	173	F1-724
CVnC	v725	548.4734438996693	548.3965861297147	43	06-08-19-F1-thidââng.WAV	553.894666666667	540.561333333333	174	F1-725
CVnC	v726	550.4012829272438	550.3487808244397	43	06-08-19-F1-thidââng.WAV	553.894666666667	540.561333333333	175	F1-726
CVnC	v727	552.2718295347747	552.2153130672388	43	06-08-19-F1-thidââng.WAV	553.894666666667	540.561333333333	176	F1-727
CVC	v728	560.2939579750255	560.2271825143391	44	06-08-19-F1-thifuu.WAV	566.718666666667	553.894666666667	177	F1-728
CVC	v729	562.1534639571997	562.0943545980418	44	06-08-19-F1-thifuu.WAV	566.718666666667	553.894666666667	178	F1-729
CVC	v730	563.9398090984472	563.893143926275	44	06-08-19-F1-thifuu.WAV	566.718666666667	553.894666666667	179	F1-730
CVC	v731	565.4230717774977	565.3674648220893	44	06-08-19-F1-thifuu.WAV	566.718666666667	553.894666666667	180	F1-731
CVː_#	v732	571.132595138119	570.8324718325225	45	06-08-19-F1-thii.WAV	577.664	566.718666666667	181	F1-732
CVː_#	v733	573.161411738167	572.9187230583996	45	06-08-19-F1-thii.WAV	577.664	566.718666666667	182	F1-733
CVː_#	v734	575.1401641433248	574.8548767803554	45	06-08-19-F1-thii.WAV	577.664	566.718666666667	183	F1-734
CVː_#	v735	576.6163923569019	576.482876244832	45	06-08-19-F1-thii.WAV	577.664	566.718666666667	184	F1-735
CVːN	v736	583.5149957523415	583.3050234400118	46	06-08-19-F1-thiin.WAV	590.330666666667	577.664	185	F1-736
CVːN	v737	585.5406783942485	585.2591716768407	46	06-08-19-F1-thiin.WAV	590.330666666667	577.664	186	F1-737
CVːN	v738	587.5191862885786	587.2274737524006	46	06-08-19-F1-thiin.WAV	590.330666666667	577.664	187	F1-738
CVːN	v739	589.0111157792436	588.9012122190035	46	06-08-19-F1-thiin.WAV	590.330666666667	577.664	188	F1-739
CṽC	v740	599.0814482523201	598.9972216356089	47	06-08-19-F1-thîpiake.WAV	607.214666666667	590.330666666667	189	F1-740
CṽC	v741	601.2734041359726	601.2156728613153	47	06-08-19-F1-thîpiake.WAV	607.214666666667	590.330666666667	190	F1-741
CṽC	v742	603.3855184463035	603.3203303689729	47	06-08-19-F1-thîpiake.WAV	607.214666666667	590.330666666667	191	F1-742
CVːC	v743	611.2546994985518	611.1156205772804	48	06-08-19-F1-thoohnat.WAV	617.908	607.214666666667	192	F1-743
CVːC	v744	612.9646630881199	612.7961087444216	48	06-08-19-F1-thoohnat.WAV	617.908	607.214666666667	193	F1-744
CVːC	v745	614.7338705697725	614.599745355009	48	06-08-19-F1-thoohnat.WAV	617.908	607.214666666667	194	F1-745
CVːC	v746	616.3317740148757	616.2397727080313	48	06-08-19-F1-thoohnat.WAV	617.908	607.214666666667	195	F1-746
CVːC	v747	622.8357735205069	622.6487396792766	49	06-08-19-F1-thoolic.WAV	628.936	617.908	196	F1-747
CVːC	v748	624.3186124045835	624.1393350421718	49	06-08-19-F1-thoolic.WAV	628.936	617.908	197	F1-748
CVːC	v749	625.8880812859522	625.7108969082018	49	06-08-19-F1-thoolic.WAV	628.936	617.908	198	F1-749
CVːC	v750	627.328083959921	627.2179695384676	49	06-08-19-F1-thoolic.WAV	628.936	617.908	199	F1-750
CVːN	v751	633.8941305961004	633.58834609795	50	06-08-19-F1-thoon.WAV	640.037333333333	628.936	200	F1-751
CVːN	v752	635.7009662828245	635.407777098057	50	06-08-19-F1-thoon.WAV	640.037333333333	628.936	201	F1-752
CVːN	v753	637.5255754809675	637.2287019338523	50	06-08-19-F1-thoon.WAV	640.037333333333	628.936	202	F1-753
CVːN	v754	638.9146675906369	638.7448370591924	50	06-08-19-F1-thoon.WAV	640.037333333333	628.936	203	F1-754
CVC	v755	644.8859092977164	644.7833177822407	51	06-08-19-F1-thopu.WAV	651.849333333333	640.037333333333	204	F1-755
CVC	v756	646.8649010791468	646.7379384022329	51	06-08-19-F1-thopu.WAV	651.849333333333	640.037333333333	205	F1-756
CVC	v757	648.6570656415983	648.5606063394831	51	06-08-19-F1-thopu.WAV	651.849333333333	640.037333333333	206	F1-757
CVC	v758	650.3301888808895	650.2835694977151	51	06-08-19-F1-thopu.WAV	651.849333333333	640.037333333333	207	F1-758
CV_#	v759	656.5700198010685	656.3759989864276	52	06-08-19-F1-thu.WAV	663.170666666667	651.849333333333	208	F1-759
CV_#	v760	658.692564682716	658.4904506309275	52	06-08-19-F1-thu.WAV	663.170666666667	651.849333333333	209	F1-760
CV_#	v761	660.787157813576	660.5789268177583	52	06-08-19-F1-thu.WAV	663.170666666667	651.849333333333	210	F1-761
CV_#	v762	662.07629644333	661.9732634237604	52	06-08-19-F1-thu.WAV	663.170666666667	651.849333333333	211	F1-762
CVnC	v763	668.4067867614392	668.3064599308613	53	06-08-19-F1-thubwaan.WAV	676.726666666667	663.170666666667	212	F1-763
CVnC	v764	670.1297732852074	669.976086236175	53	06-08-19-F1-thubwaan.WAV	676.726666666667	663.170666666667	213	F1-764
CVnC	v765	671.8286453748634	671.754886258908	53	06-08-19-F1-thubwaan.WAV	676.726666666667	663.170666666667	214	F1-765
CVnC	v766	675.1187000050014	675.0328378040265	53	06-08-19-F1-thubwaan.WAV	676.726666666667	663.170666666667	215	F1-766
CVnC	v767	681.700925268554	681.5283349151841	54	06-08-19-F1-thugo.WAV	688.2306666666669	676.726666666667	216	F1-767
CVnC	v768	683.4759031677232	683.3071669792997	54	06-08-19-F1-thugo.WAV	688.2306666666669	676.726666666667	217	F1-768
CVnC	v769	685.2139087044784	684.9967546106145	54	06-08-19-F1-thugo.WAV	688.2306666666669	676.726666666667	218	F1-769
CVnC	v770	686.8012164629337	686.6709069946451	54	06-08-19-F1-thugo.WAV	688.2306666666669	676.726666666667	219	F1-770
CVN	v771	692.3616783614455	692.1808421578825	55	06-08-19-F1-thun.WAV	699.34	688.2306666666669	220	F1-771
CVN	v772	694.3562160932887	694.1742925721132	55	06-08-19-F1-thun.WAV	699.34	688.2306666666669	221	F1-772
CVN	v773	696.3762931547615	696.2454244929514	55	06-08-19-F1-thun.WAV	699.34	688.2306666666669	222	F1-773
CVN	v774	697.9922672146874	697.8010759932286	55	06-08-19-F1-thun.WAV	699.34	688.2306666666669	223	F1-774
CVC	v775	703.7561154442959	703.6335021803691	56	06-08-19-F1-thupila.WAV	711.133333333333	699.34	224	F1-775
CVC	v776	705.6584759264695	705.5502904285006	56	06-08-19-F1-thupila.WAV	711.133333333333	699.34	225	F1-776
CVC	v777	707.4488534775793	707.3342393412602	56	06-08-19-F1-thupila.WAV	711.133333333333	699.34	226	F1-777
CVC	v778	709.3114005234844	709.1918530357797	56	06-08-19-F1-thupila.WAV	711.133333333333	699.34	227	F1-778
CVːC	v779	715.4874245585086	715.197711486831	57	06-08-19-F1-thuup.WAV	722.250666666667	711.133333333333	228	F1-779
CVːC	v780	717.3013187078963	716.9230059948593	57	06-08-19-F1-thuup.WAV	722.250666666667	711.133333333333	229	F1-780
CVːC	v781	718.9853613474066	718.6608208268333	57	06-08-19-F1-thuup.WAV	722.250666666667	711.133333333333	230	F1-781
CVːC	v782	720.6218313952368	720.4553112010381	57	06-08-19-F1-thuup.WAV	722.250666666667	711.133333333333	231	F1-782
